planet,profile,description
MERCURY BARYCENTER,Profile 1,"Intelligent, analytical, and a great communicator."
MERCURY BARYCENTER,Profile 2,"Quick-witted, adaptable, and curious."
MERCURY BARYCENTER,Profile 3,"Logical, detail-oriented, and a skilled problem-solver."
VENUS BARYCENTER,Profile 1,"Romantic, artistic, and a lover of peace."
VENUS BARYCENTER,Profile 2,"Charming, graceful, and enjoys beauty and luxury."
VENUS BARYCENTER,Profile 3,"Kind, compassionate, and values close relationships."
MARS BARYCENTER,Profile 1,"Strong drive, ambition, bold, fearless, and goal-oriented."
MARS BARYCENTER,Profile 2,"Energetic, competitive, and passionate."
MARS BARYCENTER,Profile 3,"Courageous, assertive, and a natural leader."
JUPITER BARYCENTER,Profile 1,"Visionary, optimistic, dreams big, and attracts abundance."
JUPITER BARYCENTER,Profile 2,"Generous, expansive, and lucky."
JUPITER BARYCENTER,Profile 3,"Wise, knowledgeable, and a seeker of truth."
SATURN BARYCENTER,Profile 1,"Disciplined, responsible, values structure and hard work."
SATURN BARYCENTER,Profile 2,"Patient, persistent, and reliable."
SATURN BARYCENTER,Profile 3,"Practical, organized, and good at managing resources."
URANUS BARYCENTER,Profile 1,"Innovative, eccentric, free-spirited, and a rule breaker."
URANUS BARYCENTER,Profile 2,"Independent, unconventional, and a visionary."
URANUS BARYCENTER,Profile 3,"Creative, original, and a rebel."
NEPTUNE BARYCENTER,Profile 1,"Dreamy, imaginative, deep connection to spirituality and art."
NEPTUNE BARYCENTER,Profile 2,"Intuitive, compassionate, and a healer."
NEPTUNE BARYCENTER,Profile 3,"Mystical, sensitive, and a visionary."
PLUTO BARYCENTER,Profile 1,"Transformational, powerfully driven by evolution and intensity."
PLUTO BARYCENTER,Profile 2,"Intense, passionate, and a force for change."
PLUTO BARYCENTER,Profile 3,"Resilient, determined, and able to overcome obstacles."
MOON,Profile 1,"Sensitive, intuitive, emotionally in tune with yourself and others."
MOON,Profile 2,"Nurturing, caring, and empathetic."
MOON,Profile 3,"Adaptable, receptive, and responsive."
SUN,Profile 1,"Charismatic, confident, natural leader, and motivator."
SUN,Profile 2,"Warm, generous, and optimistic."
SUN,Profile 3,"Creative, expressive, and a source of inspiration."
